Id,Name,Image_url,Tutorial_url,Description,Type,Level1,Level2
1,基础小提琴图,https://openbiox.github.io/Bizard/Distribution/ViolinPlot_files/figure-html/fig-1.1BasicViolin-1.png,https://openbiox.github.io/Bizard/Distribution/ViolinPlot.html#basic-violin-plot,基础小提琴图使用人工数据集,Violin Plot,BASICS,Distribution
2,Horizontal Violin Plot,https://openbiox.github.io/Bizard/Distribution/ViolinPlot_files/figure-html/fig-2HorizontalViolin-1.png,https://openbiox.github.io/Bizard/Distribution/ViolinPlot.html#horizontal-violin-plot,The x and y axes can be flipped using coord_flip(),Violin Plot,BASICS,Distribution
3,Violin Plot with Boxplot,https://openbiox.github.io/Bizard/Distribution/ViolinPlot_files/figure-html/fig-3.1Violinwizbox-1.png,https://openbiox.github.io/Bizard/Distribution/ViolinPlot.html#violin-plot-with-boxplot,Box plot can be added to a violin plot using geom_boxplot(),Violin Plot,BASICS,Distribution
4,Grouped Violin Plot,https://openbiox.github.io/Bizard/Distribution/ViolinPlot_files/figure-html/fig-4GroupedViolin-1.png,https://openbiox.github.io/Bizard/Distribution/ViolinPlot.html#grouped-violin-plot,Achieve intra-group comparison by setting the fill value,Violin Plot,BASICS,Distribution
5,Half-Violin Plot,https://openbiox.github.io/Bizard/Distribution/ViolinPlot_files/figure-html/fig-5Half-ViolinPlot-1.png,https://openbiox.github.io/Bizard/Distribution/ViolinPlot.html#half-violin-plot,Use the geom_half_violin function to display two groups separately,Violin Plot,BASICS,Distribution
6,Violin Plot Using the ggstatsplot Package,https://openbiox.github.io/Bizard/Distribution/ViolinPlot_files/figure-html/fig-6ViolinPlot-ggstatsplot-1.png,https://openbiox.github.io/Bizard/Distribution/ViolinPlot.html#violin-plot-using-the-ggstatsplot-package,The ggstatsplot package extends ggplot2 by adding powerful statistical visualizations,Violin Plot,BASICS,Distribution
7,Basic Density Plot,https://openbiox.github.io/Bizard/Distribution/Density_files/figure-html/fig-BasicDensity-1.png,https://openbiox.github.io/Bizard/Distribution/Density.html#basic-density-plot,Create a density plot using?geom_density,Density Plot,BASICS,Distribution
8,Mirrored Density Plot,https://openbiox.github.io/Bizard/Distribution/Density_files/figure-html/fig-MirroredDensity-1.png,https://openbiox.github.io/Bizard/Distribution/Density.html#mirrored-density-plot,Mirror density plot helps us intuitively compare the distributions of two datasets,Density Plot,BASICS,Distribution
9,Multiple Groups Density Plot,https://openbiox.github.io/Bizard/Distribution/Density_files/figure-html/fig-MultipleGroupsDensity_Diamonds-1.png,https://openbiox.github.io/Bizard/Distribution/Density.html#multiple-groups-density-plot,A multi-group density plot allows for an intuitive comparison of the distribution differences between different groups,Density Plot,BASICS,Distribution
10,Faceted Density Plot,https://openbiox.github.io/Bizard/Distribution/Density_files/figure-html/fig-FacetedDensity-1.png,https://openbiox.github.io/Bizard/Distribution/Density.html#faceted-density-plot,"Facet density plots for multiple variables, by displaying data from different groups in different panels",Density Plot,BASICS,Distribution
11,Stacked Density Plot,https://openbiox.github.io/Bizard/Distribution/Density_files/figure-html/fig-StackedDensity-1.png,https://openbiox.github.io/Bizard/Distribution/Density.html#stacked-density-plot,"In a stacked density plot, the density distributions of different groups are stacked on top of each other",Density Plot,BASICS,Distribution
12,Marginal distributions (density plots),https://openbiox.github.io/Bizard/Distribution/Density_files/figure-html/fig-MarginalDensity-1.png,https://openbiox.github.io/Bizard/Distribution/Density.html#marginal-distributions-density-plots,Marginal distributions (density plots) can be drawn using the ggMarginal() function from the ggExtra package,Density Plot,BASICS,Distribution
13,Annotated Density Plot,https://openbiox.github.io/Bizard/Distribution/Density_files/figure-html/fig-AnnotatedDensity-1.png,https://openbiox.github.io/Bizard/Distribution/Density.html#annotated-density-plot,"Annotated density plots allow key information or group names to be displayed directly on the plot,",Density Plot,BASICS,Distribution
14,Basic Histograms,https://openbiox.github.io/Bizard/Distribution/Histogram_files/figure-html/fig-BasicHist-1.png,https://openbiox.github.io/Bizard/Distribution/Histogram.html#basic-histograms,Basic histogram using geom_histogram(),Histogram,BASICS,Distribution
15,Histogram with Density Curve,https://openbiox.github.io/Bizard/Distribution/Histogram_files/figure-html/fig-DensityCurve-1.png,https://openbiox.github.io/Bizard/Distribution/Histogram.html#histogram-with-density-curve,The density curve provides a smooth representation of the data distribution,Histogram,BASICS,Distribution
16,Mirrored Histogram,https://openbiox.github.io/Bizard/Distribution/Histogram_files/figure-html/fig-MirroredHistogram-1.png,https://openbiox.github.io/Bizard/Distribution/Histogram.html#mirrored-histogram,A mirrored histogram provides an intuitive way to compare the distributions of two datasets,Histogram,BASICS,Distribution
17,Overlapping Histograms on the Same Axis,https://openbiox.github.io/Bizard/Distribution/Histogram_files/figure-html/fig-OverlappingHistograms-1.png,https://openbiox.github.io/Bizard/Distribution/Histogram.html#overlapping-histograms-on-the-same-axis,Overlaying or placing multiple histograms side by side on the same axis enables a direct comparison of distributions for two or more datasets within the same coordinate system,Histogram,BASICS,Distribution
18,Faceted Histograms for Multiple Variables,https://openbiox.github.io/Bizard/Distribution/Histogram_files/figure-html/fig-FacetedHistograms-1.png,https://openbiox.github.io/Bizard/Distribution/Histogram.html#faceted-histograms-for-multiple-variables,Faceted histograms provide a structured way to compare and analyze data across multiple variables or categorical groups by displaying them in separate panels,Histogram,BASICS,Distribution
19,Adding Marginal Distributions Using ggMarginal(),https://openbiox.github.io/Bizard/Distribution/Histogram_files/figure-html/fig-MarginalDistributions-1.png,https://openbiox.github.io/Bizard/Distribution/Histogram.html#adding-marginal-distributions-using-ggmarginal,Create a scatterplot with marginal histograms,Histogram,BASICS,Distribution
20,Basic Box Plot,https://openbiox.github.io/Bizard/Distribution/BoxPlot_files/figure-html/unnamed-chunk-1-1.png,https://openbiox.github.io/Bizard/Distribution/BoxPlot.html#basic-plotting,Create a box plot using geom_boxplot(),Box Plot,BASICS,Distribution
21,Variable Width Boxplot,https://openbiox.github.io/Bizard/Distribution/BoxPlot_files/figure-html/unnamed-chunk-7-1.png,https://openbiox.github.io/Bizard/Distribution/BoxPlot.html#variable-width-boxplot,Draw a variable width boxplot where the box width is proportional to the sample size by using the varwidth parameter.,Box Plot,BASICS,Distribution
22,Boxplot for Continuous Variables,https://openbiox.github.io/Bizard/Distribution/BoxPlot_files/figure-html/unnamed-chunk-9-1.png,https://openbiox.github.io/Bizard/Distribution/BoxPlot.html#boxplot-for-continuous-variables,Use the cut_width() function to divide the continuous variable into intervals and then draw the boxplot,Box Plot,BASICS,Distribution
23,Boxplot with Mean Values,https://openbiox.github.io/Bizard/Distribution/BoxPlot_files/figure-html/unnamed-chunk-10-1.png,https://openbiox.github.io/Bizard/Distribution/BoxPlot.html#boxplot-with-mean-values,Use the stat_summary() function to add the mean value for each group to the boxplot,Box Plot,BASICS,Distribution
24,Scatter Boxplot,https://openbiox.github.io/Bizard/Distribution/BoxPlot_files/figure-html/unnamed-chunk-12-1.png,https://openbiox.github.io/Bizard/Distribution/BoxPlot.html#scatter-boxplot,"Use the geom_jitter() function to add individual observations, allowing us to see the specific distribution of each group.",Box Plot,BASICS,Distribution
25,Grouped Boxplot,https://openbiox.github.io/Bizard/Distribution/BoxPlot_files/figure-html/unnamed-chunk-14-1.png,https://openbiox.github.io/Bizard/Distribution/BoxPlot.html#grouped-boxplot,"Use the fill parameter to draw grouped boxplots, which facilitates comparisons both between and within groups.",Box Plot,BASICS,Distribution
26,Adding Marginal Distributions to Boxplots,https://openbiox.github.io/Bizard/Distribution/BoxPlot_files/figure-html/unnamed-chunk-18-1.png,https://openbiox.github.io/Bizard/Distribution/BoxPlot.html#adding-marginal-distributions-to-boxplots,Adding marginal distributions on the X and Y axes,Box Plot,BASICS,Distribution
27,Basic Ridgeline Plot,https://openbiox.github.io/Bizard/Distribution/Ridgeline_files/figure-html/fig-BasicRidgeline-1.png,https://openbiox.github.io/Bizard/Distribution/Ridgeline.html#basic-ridgeline-plot,Basic Violin Plot with iris Data,Ridgeline Plot,BASICS,Distribution
28,Histogram Ridgeline Plots,https://openbiox.github.io/Bizard/Distribution/Ridgeline_files/figure-html/fig-ChangingShapes-1.png,https://openbiox.github.io/Bizard/Distribution/Ridgeline.html#histogram-ridgeline-plots,Histogram ridgeline plots are ideal for displaying data distributions and counts,Ridgeline Plot,BASICS,Distribution
29,Ridgeline Plot with Variable Colors,https://openbiox.github.io/Bizard/Distribution/Ridgeline_files/figure-html/fig-ChangingColors-1.png,https://openbiox.github.io/Bizard/Distribution/Ridgeline.html#ridgeline-plot-with-variable-colors,Colors can be assigned based on numerical variables instead of categorical ones,Ridgeline Plot,BASICS,Distribution
30,Basic Beeswarm Plot,https://openbiox.github.io/Bizard/Distribution/Beeswarm_files/figure-html/fig-BasicBee-1.png,https://openbiox.github.io/Bizard/Distribution/Beeswarm.html#basic-beeswarm-plot-beeswarm-package,Basic Beeswarm Plot with iris Data,Beeswarm Plot,BASICS,Distribution
31,Flipping the Beeswarm Plot,https://openbiox.github.io/Bizard/Distribution/Beeswarm_files/figure-html/fig-Flip-1.png,https://openbiox.github.io/Bizard/Distribution/Beeswarm.html#flipping-the-beeswarm-plot-beeswarm-package,Flipping the beeswarm plot using horizontal=TRUE,Beeswarm Plot,BASICS,Distribution
32,Changing Basic Features of Beeswarm Plot,https://openbiox.github.io/Bizard/Distribution/Beeswarm_files/figure-html/fig-Features-1.png,https://openbiox.github.io/Bizard/Distribution/Beeswarm.html#changing-basic-features-of-the-beeswarm-plot-beeswarm-package,Key parameters of beeswarm plot,Beeswarm Plot,BASICS,Distribution
33,Grouping Beeswarm Plot,https://openbiox.github.io/Bizard/Distribution/Beeswarm_files/figure-html/fig-grouping-1.png,https://openbiox.github.io/Bizard/Distribution/Beeswarm.html#grouping-beeswarm-package,"Using the ~ operator, we can easily create a grouped bee swarm plot",Beeswarm Plot,BASICS,Distribution
34,Custom Position Behavior of Beeswarm Plot,https://openbiox.github.io/Bizard/Distribution/Beeswarm_files/figure-html/fig-CustomPositionBehavior-1.png,https://openbiox.github.io/Bizard/Distribution/Beeswarm.html#custom-position-behavior-beeswarm-package,Changing the position behavior of the points can prevent overlap between groups,Beeswarm Plot,BASICS,Distribution
35,Basic Beeswarm (ggbeeswarm package),https://openbiox.github.io/Bizard/Distribution/Beeswarm_files/figure-html/fig-Basicggbeeswarm-1.png,https://openbiox.github.io/Bizard/Distribution/Beeswarm.html#basic-beeswarm-ggbeeswarm-package,Basic Beeswarm using ggbeeswarm package,Beeswarm Plot,BASICS,Distribution
36,Flipping the Beeswarm Plot (ggbeeswarm package),https://openbiox.github.io/Bizard/Distribution/Beeswarm_files/figure-html/fig-ggFlip-1.png,https://openbiox.github.io/Bizard/Distribution/Beeswarm.html#flipping-the-beeswarm-plot-ggbeeswarm-package,Flipping the Beeswarm Plot using ggbeeswarm package,Beeswarm Plot,BASICS,Distribution
37,Customization of the Beeswarm Plot (ggbeeswarm package),https://openbiox.github.io/Bizard/Distribution/Beeswarm_files/figure-html/fig-ggFeatures-1.png,https://openbiox.github.io/Bizard/Distribution/Beeswarm.html#customization-of-the-beeswarm-plot-ggbeeswarm-package,We can use the theme() function to change the color of the points and the overall theme of the chart,Beeswarm Plot,BASICS,Distribution
38,Changing the Position of Points (ggbeeswarm package),https://openbiox.github.io/Bizard/Distribution/Beeswarm_files/figure-html/fig-PositionOfPoint-1.png,https://openbiox.github.io/Bizard/Distribution/Beeswarm.html#changing-the-position-of-points-ggbeeswarm-package,We can change this behavior using the method parameter,Beeswarm Plot,BASICS,Distribution
39,Customizing the Color of Points (ggbeeswarm package),https://openbiox.github.io/Bizard/Distribution/Beeswarm_files/figure-html/fig-ColorPoints-1.png,https://openbiox.github.io/Bizard/Distribution/Beeswarm.html#customizing-the-color-of-points-ggbeeswarm-package,We can use the scale_color_manual() function to customize the colors,Beeswarm Plot,BASICS,Distribution
40,Grouping and Adding Statistical Analysis (ggbeeswarm package),https://openbiox.github.io/Bizard/Distribution/Beeswarm_files/figure-html/fig-ggGrouping-1.png,https://openbiox.github.io/Bizard/Distribution/Beeswarm.html#grouping-and-adding-statistical-analysis-ggbeeswarm-package,Grouping and Adding Statistical Analysis using ggbeeswarm package,Beeswarm Plot,BASICS,Distribution
41,Basic Scatter Plot,https://openbiox.github.io/Bizard/Correlation/Scatter_files/figure-html/fig-BasicPlot-1.png,https://openbiox.github.io/Bizard/Correlation/Scatter.html#basic-plotting,Drawn Basic Scatter Plot by calling geom_point(),Scatter Plot,BASICS,Correlation
42,Set Point Style,https://openbiox.github.io/Bizard/Correlation/Scatter_files/figure-html/fig-PointStyle-1.png,https://openbiox.github.io/Bizard/Correlation/Scatter.html#set-point-style,"Changed the shape, size, and color style of the points based on the basic scatter plot.",Scatter Plot,BASICS,Correlation
43,Multi-class Data Plotting,https://openbiox.github.io/Bizard/Correlation/Scatter_files/figure-html/fig-Multi-classDataPlot-1.png,https://openbiox.github.io/Bizard/Correlation/Scatter.html#multi-class-data-plotting,"Use color=Species to map the species variable to the color feature, giving different species different colors.",Scatter Plot,BASICS,Correlation
44,Map Categorical Variables to other Features,https://openbiox.github.io/Bizard/Correlation/Scatter_files/figure-html/fig-MapFeatures-1.png,https://openbiox.github.io/Bizard/Correlation/Scatter.html#map-categorical-variables-to-other-features,"Map the species variable to both color and shape, with different species having different colors and shapes.",Scatter Plot,BASICS,Correlation
45,Change Legend Position,https://openbiox.github.io/Bizard/Correlation/Scatter_files/figure-html/fig-ChangeLegendPosition-1.png,https://openbiox.github.io/Bizard/Correlation/Scatter.html#change-legend-position,"Places the legend in the blank space of the chart, making it more aesthetically pleasing.",Scatter Plot,BASICS,Correlation
46,Add Point Labels,https://openbiox.github.io/Bizard/Correlation/Scatter_files/figure-html/fig-Point_Labels1-1.png,https://openbiox.github.io/Bizard/Correlation/Scatter.html#add-point-labels,Use geom_text() to draw point labels,Scatter Plot,BASICS,Correlation
47,Draw Regression Curve,https://openbiox.github.io/Bizard/Correlation/Scatter_files/figure-html/fig-RegressionCurve-1.png,https://openbiox.github.io/Bizard/Correlation/Scatter.html#draw-regression-curve,"A regression curve using geom_smooth(), which is a common form in articles.",Scatter Plot,BASICS,Correlation
48,Add Labels to Regression Curve,https://openbiox.github.io/Bizard/Correlation/Scatter_files/figure-html/fig-RegressionCurve_Label-1.png,https://openbiox.github.io/Bizard/Correlation/Scatter.html#add-labels-to-regression-curve,Uses geom_labelsmooth() to add labels to the regression curve.,Scatter Plot,BASICS,Correlation
49,Add Marginal Rug Plots,https://openbiox.github.io/Bizard/Correlation/Scatter_files/figure-html/fig-MarginalRug_Plot-1.png,https://openbiox.github.io/Bizard/Correlation/Scatter.html#add-marginal-rug-plots,Use geom_rug() to add marginal rugs.,Scatter Plot,BASICS,Correlation
50,Add Marginal Distributions,https://openbiox.github.io/Bizard/Correlation/Scatter_files/figure-html/fig-MarginalDistributions-1.png,https://openbiox.github.io/Bizard/Correlation/Scatter.html#add-marginal-distributions,"The marginal distribution of histograms, and multiple parameters can be used to adjust the style of the marginal plots.",Scatter Plot,BASICS,Correlation
51,Basic R Heatmaps,https://openbiox.github.io/Bizard/Correlation/Heatmap_files/figure-html/fig-BasicHeatBasicR-1.png,,https://openbiox.github.io/Bizard/Correlation/Heatmap.html#basic-heatmap,Heatmap,BASICS,Correlation
52,lattice Heatmaps,https://openbiox.github.io/Bizard/Correlation/Heatmap_files/figure-html/fig-BasicHeatlattice-1.png,https://openbiox.github.io/Bizard/Correlation/Heatmap.html#lattice-heatmaps,The lattice package provides the levelplot() function for constructing heatmaps,Heatmap,BASICS,Correlation
53,complexheatmap Heatmaps,https://openbiox.github.io/Bizard/Correlation/Heatmap_files/figure-html/fig-BasicHeatcomplexheatmap-1.png,https://openbiox.github.io/Bizard/Correlation/Heatmap.html#complexheatmap-heatmaps,"The ComplexHeatmap package, based on the grid package, uses an object-oriented approach to implement heatmaps and their components",Heatmap,BASICS,Correlation
54,GGally Package,https://openbiox.github.io/Bizard/Correlation/Correlogram_files/figure-html/unnamed-chunk-1-1.png,https://openbiox.github.io/Bizard/Correlation/Correlogram.html#ggally-package,GGally is a commonly used tool for drawing correlation diagrams. It allows the injection of ggplot2 code but does not have a sorting function,Correlogram,BASICS,Correlation
55,corrplot Package,https://openbiox.github.io/Bizard/Correlation/Correlogram_files/figure-html/unnamed-chunk-6-1.png,https://openbiox.github.io/Bizard/Correlation/Correlogram.html#corrplot-package,"The corrplot package is a commonly used tool for correlation visualization, which has powerful customization functions and a sorting function",Correlogram,BASICS,Correlation
56,ggcorrplot Package,https://openbiox.github.io/Bizard/Correlation/Correlogram_files/figure-html/unnamed-chunk-10-1.png,https://openbiox.github.io/Bizard/Correlation/Correlogram.html#ggcorrplot-package,"The ggcorrplot package is equivalent to a simplified version of the corrplot package, mainly including the calculation function of cor_pmat and the plotting function of ggcorrplot",Correlogram,BASICS,Correlation
57,corrgram Package,https://openbiox.github.io/Bizard/Correlation/Correlogram_files/figure-html/unnamed-chunk-12-1.png,https://openbiox.github.io/Bizard/Correlation/Correlogram.html#corrgram-package,"The corrgram package is also a good choice for drawing correlation diagrams. It can select the content to be displayed in the upper, lower, and diagonal parts.",Correlogram,BASICS,Correlation
58,Basic Venn Diagram,https://openbiox.github.io/Bizard/Ranking/VennPlot_files/figure-html/fig-1.1BasicVeen-1.png,https://openbiox.github.io/Bizard/Ranking/VennPlot.html#basic-venn-diagram,Plot basic venn diagram using ggVennDiagram(),Veen Plot,BASICS,Ranking
59,Beautify the Venn diagram,https://openbiox.github.io/Bizard/Ranking/VennPlot_files/figure-html/fig-2.1Color1-1.png,https://openbiox.github.io/Bizard/Ranking/VennPlot.html#beautify-the-venn-diagram,The color of the set in ggVennDiagram is a continuous variable set according to the number of elements contained in the set. ,Veen Plot,BASICS,Ranking
60,VennDiagram,https://openbiox.github.io/Bizard/Ranking/VennPlot_files/figure-html/fig-3.2Color-1.png,https://openbiox.github.io/Bizard/Ranking/VennPlot.html#venndiagram,Draw Venn diagrams using the VennDiagram package,Veen Plot,BASICS,Ranking
61,Basic Upset Plot,https://openbiox.github.io/Bizard/Ranking/UpsetPlot_files/figure-html/fig-1.1BasicUpset-1.png,https://openbiox.github.io/Bizard/Ranking/UpsetPlot.html#basic-upset-plot,This basic Upset graph shows the number of movies that contain different elements.,Upset Plot,BASICS,Ranking
62,Personalized Upset Plot,https://openbiox.github.io/Bizard/Ranking/UpsetPlot_files/figure-html/fig-2.2color-1.png,https://openbiox.github.io/Bizard/Ranking/UpsetPlot.html#personalized-upset-plot,"In terms of image color, the UpSetR package provides multiple parameters to set the color of different parts of the Upset image",Upset Plot,BASICS,Ranking
63,Advanced Upset Plot,https://openbiox.github.io/Bizard/Ranking/UpsetPlot_files/figure-html/fig-3.1params-1.png,https://openbiox.github.io/Bizard/Ranking/UpsetPlot.html#advanced-upset-plot,Use the queries parameter,Upset Plot,BASICS,Ranking
64,Biological Data Example,https://openbiox.github.io/Bizard/Ranking/UpsetPlot_files/figure-html/fig-4.1boxplot.summary-1.png,https://openbiox.github.io/Bizard/Ranking/UpsetPlot.html#biological-data-example,The dataset uses the df_complex_conditions dataset in the ggupset package,Upset Plot,BASICS,Ranking
65,基础共线性图,https://openbiox.github.io/Bizard/images/Omics/Collinearity_fig1.png,https://openbiox.github.io/Bizard/zh/Omics/CollinearityPlot.html#%E5%9F%BA%E7%A1%80%E7%BB%98%E5%9B%BE,可以使用 RIdeogram 包中提供的 ideogram 函数绘制共线性图,Collinearity Plot,OMICS,CollinearityPlot
66,修改共线性图颜色,https://openbiox.github.io/Bizard/images/Omics/Collinearity_fig2.jpg,https://openbiox.github.io/Bizard/zh/Omics/CollinearityPlot.html#%E4%BF%AE%E6%94%B9%E9%A2%9C%E8%89%B2,如果您想对修改绘图的颜色，只需修改 karyotype 和 overlaid 表格中的颜色列,Collinearity Plot,OMICS,CollinearityPlot
67,基因结构图基础,https://openbiox.github.io/Bizard/Omics/GeneStructurePlot_files/figure-html/fig-1.5ggtree-1.png,https://openbiox.github.io/Bizard/zh/Omics/GeneStructurePlot.html#%E5%9F%BA%E5%9B%A0%E7%BB%93%E6%9E%84%E5%9B%BE%E5%9F%BA%E7%A1%80,gggenes作为ggplot2的扩展，其功能由一个主要函数geom_gene_arrow以及若干次要函数完成,Gene Structure Plot,OMICS,GeneStructurePlot
68,基因结构图美化,https://openbiox.github.io/Bizard/Omics/GeneStructurePlot_files/figure-html/fig-2.5forward-1.png,https://openbiox.github.io/Bizard/zh/Omics/GeneStructurePlot.html#%E5%9B%BE%E5%83%8F%E7%BE%8E%E5%8C%96,基因结构图美化,Gene Structure Plot,OMICS,GeneStructurePlot
69,qqman绘制曼哈顿图,https://openbiox.github.io/Bizard/Omics/ManhattanPlot_files/figure-html/fig-1.2Color-1.png,https://openbiox.github.io/Bizard/zh/Omics/ManhattanPlot.html#qqman%E7%BB%98%E5%88%B6%E6%9B%BC%E5%93%88%E9%A1%BF%E5%9B%BE,manhattan和qq是qqman中最重要的两个函数，分别负责绘制曼哈顿图和QQ图,Manhattan Plot,OMICS,ManhattanPlot
70,ggplot2绘制曼哈顿图,https://openbiox.github.io/Bizard/Omics/ManhattanPlot_files/figure-html/fig-2.2Color-1.png,https://openbiox.github.io/Bizard/zh/Omics/ManhattanPlot.html#ggplot2%E7%BB%98%E5%88%B6%E6%9B%BC%E5%93%88%E9%A1%BF%E5%9B%BE,使用ggplot2绘制曼哈顿图的好处在于可以高度自定义图像的风格,Manhattan Plot,OMICS,ManhattanPlot
71,基础多组火山图,https://openbiox.github.io/Bizard/Omics/MultiVolcanoPlot_files/figure-html/fig-1.1BasicPlot-1.png,https://openbiox.github.io/Bizard/zh/Omics/MultiVolcanoPlot.html#%E5%9F%BA%E7%A1%80%E7%BB%98%E5%9B%BE,可以使用 scRNAtoolVis 包中提供的 jjVolcano 函数绘制多组火山图,Multiple Volcano Plot,OMICS,MultiVolcanoPlot
72,多组火山图旋转方向,https://openbiox.github.io/Bizard/Omics/MultiVolcanoPlot_files/figure-html/fig-2.1flip-1.png,https://openbiox.github.io/Bizard/zh/Omics/MultiVolcanoPlot.html#%E6%97%8B%E8%BD%AC%E6%96%B9%E5%90%91,使用 jjVolcano 函数中的 flip 参数可以旋转热图的方向,Multiple Volcano Plot,OMICS,MultiVolcanoPlot
73,极坐标多组火山图,https://openbiox.github.io/Bizard/Omics/MultiVolcanoPlot_files/figure-html/fig-3.1polar-1.png,https://openbiox.github.io/Bizard/zh/Omics/MultiVolcanoPlot.html#%E6%9E%81%E5%9D%90%E6%A0%87,通过设置参数 polar = T 将多组火山图转换为极坐标,Multiple Volcano Plot,OMICS,MultiVolcanoPlot
74,构建网络图,https://openbiox.github.io/Bizard/Omics/NetworkPlot_files/figure-html/fig1.1BasicNetwork-1.png,https://openbiox.github.io/Bizard/zh/Omics/NetworkPlot.html#%E6%9E%84%E5%BB%BA%E7%BD%91%E7%BB%9C,简单多组学网络：包含微生物组，代谢组，转录组等信息,Network Plot,OMICS,NetworkPlot
75,网络图添加注释,https://openbiox.github.io/Bizard/Omics/NetworkPlot_files/figure-html/fig1.2Annotation-1.png,https://openbiox.github.io/Bizard/zh/Omics/NetworkPlot.html#%E6%B7%BB%E5%8A%A0-annotation,使用 c_net_set() 函数给网络图添加注释,Network Plot,OMICS,NetworkPlot
76,筛选子网络,https://openbiox.github.io/Bizard/Omics/NetworkPlot_files/figure-html/fig1.3SubNetwork-1.png,https://openbiox.github.io/Bizard/zh/Omics/NetworkPlot.html#%E7%AD%9B%E9%80%89%E5%AD%90%E7%BD%91%E7%BB%9C,使用 c_net_filter() 函数筛选子网络,Network Plot,OMICS,NetworkPlot
77,合并网络,https://openbiox.github.io/Bizard/Omics/NetworkPlot_files/figure-html/fig1.4MergeNetwork3-1.png,https://openbiox.github.io/Bizard/zh/Omics/NetworkPlot.html#%E5%90%88%E5%B9%B6%E7%BD%91%E7%BB%9C,使用 c_net_union() 函数合并网络,Network Plot,OMICS,NetworkPlot
78,组合桑基气泡图,https://openbiox.github.io/Bizard/Omics/SankeyBubblePlot_files/figure-html/fig-3.1Combine-1.png,https://openbiox.github.io/Bizard/zh/Omics/SankeyBubblePlot.html,绘制组合桑基气泡图,Sankey Bubble plot,OMICS,SankeyBubblePlot
79,基础火山图,https://openbiox.github.io/Bizard/Omics/VolcanoPlot_files/figure-html/fig-1.1BasicVolcano-1.png,https://openbiox.github.io/Bizard/zh/Omics/VolcanoPlot.html#%E5%9F%BA%E7%A1%80%E7%81%AB%E5%B1%B1%E5%9B%BE,绘制基础火山图,Volcano Plot,OMICS,VolcanoPlot
80,带标签火山图,https://openbiox.github.io/Bizard/Omics/VolcanoPlot_files/figure-html/fig-1.1LabelVolcano-1.png,https://openbiox.github.io/Bizard/zh/Omics/VolcanoPlot.html#%E5%B8%A6%E6%A0%87%E7%AD%BE%E7%81%AB%E5%B1%B1%E5%9B%BE,火山图添加标签,Volcano Plot,OMICS,VolcanoPlot
81,面积图,https://openbiox.github.io/Bizard/Hiplot/001-area_files/figure-html/fig-1Area-1.png,https://openbiox.github.io/Bizard/zh/Hiplot/001-area.html,面积图是一种基于折线图并以图形方式显示定量数据的图形。轴和线之间的区域通常用颜色、纹理和图案来强调。,Area Plot,HIPLOT,BASICS
82,条码图,https://openbiox.github.io/Bizard/Hiplot/002-barcode-plot_files/figure-html/fig-1Barcode-plot-1.png,https://openbiox.github.io/Bizard/zh/Hiplot/002-barcode-plot.html,条码图适用于展示大量数据的分布情况。,Barcode Plot,HIPLOT,BASICS
83,三维柱状图,https://openbiox.github.io/Bizard/Hiplot/003-barplot-3d_files/figure-html/fig-1Barplot-3d-1.png,https://openbiox.github.io/Bizard/zh/Hiplot/003-barplot-3d.html,三维柱状图用于为数据提供三维外观。第三维通常出于美学原因而使用，但其不能改善数据的读取。仍旨在显示离散类别之间的比较。,3D Barplot,HIPLOT,BASICS
84,误差线柱状图,https://openbiox.github.io/Bizard/Hiplot/005-barplot-errorbar_files/figure-html/fig-1barplot-errorbar-1.png,https://openbiox.github.io/Bizard/zh/Hiplot/005-barplot-errorbar.html,带误差线和误差组的条形图。,Barplot (errorbar),HIPLOT,BASICS
85,误差线柱状图2,https://openbiox.github.io/Bizard/Hiplot/006-barplot-errorbar2_files/figure-html/fig-1barplot-errorbar2-1.png,https://openbiox.github.io/Bizard/zh/Hiplot/006-barplot-errorbar2.html,带误差线和误差组的条形图。,Barplot (errorbar2),HIPLOT,BASICS
86,多线图,https://openbiox.github.io/Bizard/Hiplot/009-barplot-line-multiple_files/figure-html/fig-1Barplot-line-multiple1-1.png,https://openbiox.github.io/Bizard/zh/Hiplot/009-barplot-line-multiple.html#%E5%A4%9A%E7%BA%BF%E5%9B%BE,在一个图表中显示多个线形图。,Multiple Line,HIPLOT,BASICS
87,多柱状图,https://openbiox.github.io/Bizard/Hiplot/009-barplot-line-multiple_files/figure-html/fig-1Barplot-line-multiple2-1.png,https://openbiox.github.io/Bizard/zh/Hiplot/009-barplot-line-multiple.html#%E5%A4%9A%E6%9F%B1%E7%8A%B6%E5%9B%BE,在一个图表中显示多个条形图。,Multiple Barplot,HIPLOT,BASICS
88,蜜蜂群图,https://openbiox.github.io/Bizard/Hiplot/012-beeswarm_files/figure-html/fig-1Beeswarm-1.png,https://openbiox.github.io/Bizard/zh/Hiplot/012-beeswarm.html,蜜蜂群图是一种类似蜜蜂群，样本间互不干涉的列散点图。,Beeswarm,HIPLOT,BASICS
89,凹凸图,https://openbiox.github.io/Bizard/Hiplot/017-bumpchart_files/figure-html/fig-1Bumpchart-1.png,https://openbiox.github.io/Bizard/zh/Hiplot/017-bumpchart.html,凹凸图可以用于展示多组数值变化情况。,Bumpchart,HIPLOT,BASICS
90,卡方与 Fisher 检验,https://openbiox.github.io/Bizard/Hiplot/019-chi-square-fisher_files/figure-html/fig-1Chi-square-fisher-1.png,https://openbiox.github.io/Bizard/zh/Hiplot/019-chi-square-fisher.html,卡方与 Fisher 检验可用于分类变量频数差异检验，该工具将自动选择卡方和 Fisher 确切性检验统计方法。,Chi-square-fisher Test,HIPLOT,BASICS
91,圆堆图,https://openbiox.github.io/Bizard/Hiplot/021-circle-packing_files/figure-html/fig-1Circle-packing-1.png,https://openbiox.github.io/Bizard/zh/Hiplot/021-circle-packing.html,用于展示不同类型之间的数量差异。,Circle Packing,HIPLOT,BASICS
92,环状条形图,https://openbiox.github.io/Bizard/Hiplot/023-circular-barplot_files/figure-html/fig-1Circular-barplot-1.png,https://openbiox.github.io/Bizard/zh/Hiplot/023-circular-barplot.html,绘制环状条形图,Circular Barplot,HIPLOT,BASICS
93,环形饼图,https://openbiox.github.io/Bizard/Hiplot/024-circular-pie-chart_files/figure-html/fig-1Circular-pie-chart-1.png,https://openbiox.github.io/Bizard/zh/Hiplot/024-circular-pie-chart.html,饼图的另一种形式,Circular Pie Chart,HIPLOT,BASICS
94,连接散点图,https://openbiox.github.io/Bizard/Hiplot/026-connected-scatterplot_files/figure-html/fig-1Connected-scatterplot-1.png,https://openbiox.github.io/Bizard/zh/Hiplot/026-connected-scatterplot.html,连接散点图,Connected Scatterplot,HIPLOT,BASICS
95,等高线图 (矩阵),https://openbiox.github.io/Bizard/Hiplot/027-contour-matrix_files/figure-html/fig-1Contour-matrix-1.png,https://openbiox.github.io/Bizard/zh/Hiplot/027-contour-matrix.html,等高图（矩阵）是一种以二维形式展示三维数据的图形。,Contour (Matrix),HIPLOT,BASICS
96,等高线图 (XY),https://openbiox.github.io/Bizard/Hiplot/028-contour-xy_files/figure-html/fig-1Contour-xy-1.png,https://openbiox.github.io/Bizard/zh/Hiplot/028-contour-xy.html,等高线图 (XY) 是一种通过等高线反映数据密集程度的数据处理方式。,Contour (XY),HIPLOT,BASICS
97,简单可变相关热图,https://openbiox.github.io/Bizard/Hiplot/029-cor-heatmap-simple_files/figure-html/fig-1Cor-heatmap-simple-1.png,https://openbiox.github.io/Bizard/zh/Hiplot/029-cor-heatmap-simple.html,提供一个简单化版本的相关热图可视化。,Simplified Correlation Heatmap,HIPLOT,BASICS
98,自定义热图,https://openbiox.github.io/Bizard/Hiplot/034-custom-heat-map_files/figure-html/fig-1Custom-heat-map-1.png,https://openbiox.github.io/Bizard/zh/Hiplot/034-custom-heat-map.html,自定义热图，按照给定数据直接绘制热图。,Custom Heatmap,HIPLOT,BASICS
99,自定义图标散点图,https://raw.githubusercontent.com/openbiox/Bizard/refs/heads/main/images/Hiplot/035-custom-icon-scatter.png,https://openbiox.github.io/Bizard/zh/Hiplot/035-custom-icon-scatter.html,可自定义图标的散点图。,Custom Icon Scatter,HIPLOT,BASICS
100,D3 词云,https://raw.githubusercontent.com/openbiox/Bizard/refs/heads/main/images/Hiplot/036-d3-wordcloud.png,https://openbiox.github.io/Bizard/zh/Hiplot/036-d3-wordcloud.html,文云文本展示。,D3 Wordcloud,HIPLOT,BASICS
101,镜像密度图,https://openbiox.github.io/Bizard/Hiplot/038-density-hist-mirror_files/figure-html/fig-1Density-mirror-1.png,https://openbiox.github.io/Bizard/zh/Hiplot/038-density-hist-mirror.html#%E9%95%9C%E5%83%8F%E5%AF%86%E5%BA%A6%E5%9B%BE,镜像密度图是一种使用上下双侧绘制方法用来观察连续型变量分布的图形。,Mirror Density,HIPLOT,BASICS
102,镜像直方图,https://openbiox.github.io/Bizard/Hiplot/038-density-hist-mirror_files/figure-html/fig-2Hist-mirror-1.png,https://openbiox.github.io/Bizard/zh/Hiplot/038-density-hist-mirror.html#%E9%95%9C%E5%83%8F%E7%9B%B4%E6%96%B9%E5%9B%BE,镜像直方图是一种使用上下双侧绘制方法用来观察连续型变量分布的图形。,Mirror Histogram,HIPLOT,BASICS
103,密度图,https://openbiox.github.io/Bizard/Hiplot/039-density-histogram_files/figure-html/fig-1Density-1.png,https://openbiox.github.io/Bizard/zh/Hiplot/039-density-histogram.html#%E5%AF%86%E5%BA%A6%E5%9B%BE,使用密度图展示数据分布。,Density Plot,HIPLOT,BASICS
104,直方图,https://openbiox.github.io/Bizard/Hiplot/039-density-histogram_files/figure-html/fig-2Histogram-1.png,https://openbiox.github.io/Bizard/zh/Hiplot/039-density-histogram.html#%E7%9B%B4%E6%96%B9%E5%9B%BE,使用直方图展示数据分布。,Histogram Plot,HIPLOT,BASICS
105,核密度图,https://openbiox.github.io/Bizard/Hiplot/040-density_files/figure-html/fig-1Density-1.png,https://openbiox.github.io/Bizard/zh/Hiplot/040-density.html,核密度图是一种用来观察连续型变量分布的图形,Density,HIPLOT,BASICS
106,偏差图,https://openbiox.github.io/Bizard/Hiplot/041-deviation-plot_files/figure-html/fig-1Deviation-plot-1.png,https://openbiox.github.io/Bizard/zh/Hiplot/041-deviation-plot.html,偏差图可以直观地展示出数据之间的差异。,Deviation Plot,HIPLOT,BASICS
107,双侧标准化条形图,https://openbiox.github.io/Bizard/Hiplot/043-diverging-scale_files/figure-html/fig-1barplot-1.png,https://openbiox.github.io/Bizard/zh/Hiplot/043-diverging-scale.html#%E6%9D%A1%E5%BD%A2%E5%9B%BE,双侧标准化图是一种将连续的，定量的输入映射到连续的固定的插值器上的图形。,Diverging Scale Barplot,HIPLOT,BASICS
108,双侧标准化棒棒糖图,https://openbiox.github.io/Bizard/Hiplot/043-diverging-scale_files/figure-html/fig-2lollipop-1.png,https://openbiox.github.io/Bizard/zh/Hiplot/043-diverging-scale.html#%E6%A3%92%E6%A3%92%E7%B3%96%E5%9B%BE,双侧标准化图是一种将连续的，定量的输入映射到连续的固定的插值器上的图形。,Diverging Scale Lollipop Plot,HIPLOT,BASICS
109,环形图,https://openbiox.github.io/Bizard/Hiplot/045-donut_files/figure-html/fig-1Donut-1.png,https://openbiox.github.io/Bizard/zh/Hiplot/045-donut.html,环形图是饼图的一种变体，它有一个允许包含数据整体额外信息的空白中心。且与饼图目的一致，都是用来说明数据比例。,Donut,HIPLOT,BASICS
110,双Y轴图,https://openbiox.github.io/Bizard/Hiplot/047-dual-y-axis_files/figure-html/fig-1Dual-y-axis-1.png,https://openbiox.github.io/Bizard/zh/Hiplot/047-dual-y-axis.html,双Y轴图可以将两组数量级较大的数据放在同一个图中进行展示。,Dual Y Axis Chart,HIPLOT,BASICS
111,哑铃图,https://openbiox.github.io/Bizard/Hiplot/048-dumbbell_files/figure-html/fig-1Dumbbell-1.png,https://openbiox.github.io/Bizard/zh/Hiplot/048-dumbbell.html,哑铃图用于展示数据变化。,Dumbbell Chart,HIPLOT,BASICS
112,简易 SOM,https://openbiox.github.io/Bizard/Hiplot/050-easy-som_files/figure-html/fig-1Eeasy-som-1.png,https://openbiox.github.io/Bizard/zh/Hiplot/050-easy-som.html,建立 SOM 模型，并可视化结果。,Easy SOM,HIPLOT,BASICS
113,比例韦恩图,https://openbiox.github.io/Bizard/Hiplot/051-eulerr_files/figure-html/fig-1Eulerr-1.png,https://openbiox.github.io/Bizard/zh/Hiplot/051-eulerr.html,比例韦恩图使用eulerr包绘制,Eulerr Plot,HIPLOT,BASICS
114,扩展散点图,https://openbiox.github.io/Bizard/Hiplot/052-extended-scatter_files/figure-html/fig-1Eulerr-1.png,https://openbiox.github.io/Bizard/zh/Hiplot/052-extended-scatter.html,在散点图的基础上拓展边缘图像。,Extended Scatter,HIPLOT,BASICS
115,扇形图,https://openbiox.github.io/Bizard/Hiplot/054-fan_files/figure-html/fig-1Fan-1.png,https://openbiox.github.io/Bizard/zh/Hiplot/054-fan.html,扇形图是旨在以所占扇形的大小清楚表示各组数据所占百分比的统计图表。,Fan Plot,HIPLOT,BASICS
116,花瓣图,https://openbiox.github.io/Bizard/Hiplot/056-flowerplot_files/figure-html/fig-1Flowerplot-1.png,https://openbiox.github.io/Bizard/zh/Hiplot/056-flowerplot.html,绘制多集合花瓣图。,Flower plot,HIPLOT,BASICS
117,堆叠条形图,https://openbiox.github.io/Bizard/Hiplot/063-ggbarstats_files/figure-html/fig-1ggbarstats-1.png,https://openbiox.github.io/Bizard/zh/Hiplot/063-ggbarstats.html,堆叠条形图使用ggstatsplot绘制,Barstats,HIPLOT,BASICS
118,小提琴图（Betweenstats）,https://openbiox.github.io/Bizard/Hiplot/064-ggbetweenstats_files/figure-html/fig-1ggbarstats-1.png,https://openbiox.github.io/Bizard/zh/Hiplot/064-ggbetweenstats.html,小提琴图使用ggstatsplot包绘制,Betweenstats,HIPLOT,BASICS
119,有向无环图,https://openbiox.github.io/Bizard/Hiplot/065-ggdag_files/figure-html/fig-1ggdag-1.png,https://openbiox.github.io/Bizard/zh/Hiplot/065-ggdag.html,有向无环图使用ggdag包绘制,Directed Acyclic Graphs,HIPLOT,BASICS
120,分布图,https://openbiox.github.io/Bizard/Hiplot/066-ggdist_files/figure-html/fig-1ggdist-1.png,https://openbiox.github.io/Bizard/zh/Hiplot/066-ggdist.html,分布图是一种采用置信分布的可视化图形。,Dist Plot,HIPLOT,BASICS
121,条形图（Histostats）,https://openbiox.github.io/Bizard/Hiplot/067-gghistostats_files/figure-html/fig-1gghistostats-1.png,https://openbiox.github.io/Bizard/zh/Hiplot/067-gghistostats.html,展示数据分布及统计推断。,Histostats,HIPLOT,BASICS
122,饼状图（GGPIE）,https://openbiox.github.io/Bizard/Hiplot/068-ggpie_files/figure-html/fig-1ggpie-1.png,https://openbiox.github.io/Bizard/zh/Hiplot/068-ggpie.html,饼图是通过将一个圆形切分成多个切片以显示每一部分所占总体比例的统计图表。,GGPIE,HIPLOT,BASICS
123,分组饼状图（ggpiestats）,https://openbiox.github.io/Bizard/Hiplot/069-ggpiestats-group_files/figure-html/fig-1ggpiestats-group-1.png,https://openbiox.github.io/Bizard/zh/Hiplot/069-ggpiestats-group.html,分组饼状图使用ggstatsplot包绘制,Piestats Group,HIPLOT,BASICS
124,饼状图（ggpiestats）,https://openbiox.github.io/Bizard/Hiplot/071-ggpiestats_files/figure-html/fig-1ggpiestats-1.png,https://openbiox.github.io/Bizard/zh/Hiplot/071-ggpiestats.html,饼状图使用ggstatsplot包绘制,Piestats,HIPLOT,BASICS
125,GGPubr 箱线图,https://openbiox.github.io/Bizard/Hiplot/072-ggpubr-boxplot_files/figure-html/fig-1ggpubr-boxplot-1.png,https://openbiox.github.io/Bizard/zh/Hiplot/072-ggpubr-boxplot.html,特性丰富的箱线图（GGPubr 接口）。,GGPubr Boxplot,HIPLOT,BASICS
126,散点图（Scatterstats）,https://openbiox.github.io/Bizard/Hiplot/073-ggscatterstats_files/figure-html/fig-1ggpubr-boxplot-1.png,https://openbiox.github.io/Bizard/zh/Hiplot/073-ggscatterstats.html,散点图使用ggstatsplot包绘制,Scatterstats,HIPLOT,BASICS
127,复杂小提琴图,https://openbiox.github.io/Bizard/Hiplot/075-ggwithinstats_files/figure-html/fig-1ggwithinstats-1.png,https://openbiox.github.io/Bizard/zh/Hiplot/075-ggwithinstats.html,复杂小提琴图使用ggstatsplot包绘制,Complex-Violin,HIPLOT,BASICS
128,ggplot2 词云,https://openbiox.github.io/Bizard/Hiplot/076-ggwordcloud_files/figure-html/fig-1ggwordcloud-1.png,https://openbiox.github.io/Bizard/zh/Hiplot/076-ggwordcloud.html,词云是通过形成“关键字云层”或“关键字渲染”来可视化Web文本中经常出现的“关键字”。,ggwordcloud,HIPLOT,BASICS
129,分组排序点图,https://openbiox.github.io/Bizard/Hiplot/080-grdotplot_files/figure-html/fig-1grdotplot-1.png,https://openbiox.github.io/Bizard/zh/Hiplot/080-grdotplot.html,不同组别连续变量样本值及分布比较。,Group Rank Dotplot,HIPLOT,BASICS
130,分组气泡图,https://openbiox.github.io/Bizard/Hiplot/081-group-bubble_files/figure-html/fig-1group-bubble-1.png,https://openbiox.github.io/Bizard/zh/Hiplot/081-group-bubble.html,分组气泡图使用ggplot2绘制,Group Bubble,HIPLOT,BASICS
131,分组比较热图,https://openbiox.github.io/Bizard/Hiplot/082-group-comparison_files/figure-html/fig-1group-comparison-1.png,https://openbiox.github.io/Bizard/zh/Hiplot/082-group-comparison.html,分组比较热图提供了一种进行多组比较并使用热图可视化的紧凑方式，以替换绘制许多个箱线图。,Group-comparison Heatmap,HIPLOT,BASICS
132,分组哑铃图,https://openbiox.github.io/Bizard/Hiplot/083-group-dumbbell_files/figure-html/fig-1group-dumbbell-1.png,https://openbiox.github.io/Bizard/zh/Hiplot/083-group-dumbbell.html,分组哑铃图使用ggalt包绘制,Group Dumbbell,HIPLOT,BASICS
133,分组折线图,https://openbiox.github.io/Bizard/Hiplot/084-group-line_files/figure-html/fig-1group-line-1.png,https://openbiox.github.io/Bizard/zh/Hiplot/084-group-line.html,分组折线图使用ggplot2绘制,Group Line,HIPLOT,BASICS
134,半小提琴图,https://openbiox.github.io/Bizard/Hiplot/085-half-violin_files/figure-html/fig-1group-line-1.png,https://openbiox.github.io/Bizard/zh/Hiplot/085-half-violin.html,半小提琴图是在保留小提琴图右半部分图形的基础上，将左侧部分换成数据频次计数图形，也是用于显示数据分布及概率密度的统计图表。,Half Violin,HIPLOT,BASICS
135,区间区域图,https://openbiox.github.io/Bizard/Hiplot/089-interval-area-chart_files/figure-html/fig-1interval-area-chart-1.png,https://openbiox.github.io/Bizard/zh/Hiplot/089-interval-area-chart.html,区间区域图使用ggplot2绘制,Interval Area Chart,HIPLOT,BASICS
136,区间条形图,https://openbiox.github.io/Bizard/Hiplot/090-interval-bar-chart_files/figure-html/fig-1interval-bar-chart-1.png,https://openbiox.github.io/Bizard/zh/Hiplot/090-interval-bar-chart.html,区间条形图使用ggplot2绘制,Interval Bar Chart,HIPLOT,BASICS
137,李克特图,https://openbiox.github.io/Bizard/Hiplot/091-likert_files/figure-html/fig-1likert-1.png,https://openbiox.github.io/Bizard/zh/Hiplot/091-likert.html,对李克特量表带数据进行可视化描述性统计分析。,Likert Plot,HIPLOT,BASICS
138,线图（颜色点）,https://openbiox.github.io/Bizard/Hiplot/092-line-color-dot_files/figure-html/fig-1line-color-dot-1.png,https://openbiox.github.io/Bizard/zh/Hiplot/092-line-color-dot.html,带有连线的颜色点图,Line (Color Dot),HIPLOT,BASICS
139,线图（误差线）,https://openbiox.github.io/Bizard/Hiplot/093-line-errorbar_files/figure-html/fig-1line-errorbar-1.png,https://openbiox.github.io/Bizard/zh/Hiplot/093-line-errorbar.html,误差线主要指示数据每一个数据点的误差范围，显示潜在的误差或相对于系列中每一个数据的的不确定程度。,Line (errorbar),HIPLOT,BASICS
140,线图,https://openbiox.github.io/Bizard/Hiplot/095-line_files/figure-html/fig-1line-1.png,https://openbiox.github.io/Bizard/zh/Hiplot/095-line.html,线图是指使用线性刻度或对数刻度在二维或三维视图中绘制数据，从而显示数据集或跟踪数据随时间变化的变化特征的统计图表。,Line,HIPLOT,BASICS
141,月亮饼图,https://openbiox.github.io/Bizard/Hiplot/122-moon-charts_files/figure-html/fig-1moon-charts-1.png,https://openbiox.github.io/Bizard/zh/Hiplot/122-moon-charts.html,月亮图是一种使用月亮的盈缺来反应数据大小的图形。,Moon charts,HIPLOT,BASICS
142,多直方图,https://openbiox.github.io/Bizard/Hiplot/125-multiple-histograms_files/figure-html/fig-1multiple-histograms-1.png,https://openbiox.github.io/Bizard/zh/Hiplot/125-multiple-histograms.html,将多个直方图绘制在同一图像上，可对比多组数据之间的差异。,Multiple Histograms,HIPLOT,BASICS
143,网路图 (igraph),https://openbiox.github.io/Bizard/Hiplot/127-network-igraph_files/figure-html/fig-1network-igraph-1.png,https://openbiox.github.io/Bizard/zh/Hiplot/127-network-igraph.html,基于 igrpah 可视化基础网路图。,Network (igraph),HIPLOT,BASICS
144,神经网络图,https://openbiox.github.io/Bizard/Hiplot/129-neural-network_files/figure-html/fig-1network-igraph-1.png,https://openbiox.github.io/Bizard/zh/Hiplot/129-neural-network.html,神经网络图使用nnet包绘制,Neural Network,HIPLOT,BASICS
145,平行坐标图,https://openbiox.github.io/Bizard/Hiplot/132-parallel-coordinate_files/figure-html/fig-1parallel-coordinate-1.png,https://openbiox.github.io/Bizard/zh/Hiplot/132-parallel-coordinate.html,平行坐标图用于癌症数据集,Parallel Coordinate,HIPLOT,BASICS
146,帕累托图,https://openbiox.github.io/Bizard/Hiplot/133-pareto-chart_files/figure-html/fig-1pareto-chart-1.png,https://openbiox.github.io/Bizard/zh/Hiplot/133-pareto-chart.html,帕累托图使用ggplot2绘制,Pareto Chart,HIPLOT,BASICS
147,议会图,https://openbiox.github.io/Bizard/Hiplot/134-parliament_files/figure-html/fig-1parliament-1.png,https://openbiox.github.io/Bizard/zh/Hiplot/134-parliament.html,议会图是一种形似议会坐席，以点代表一个数据，从而更加灵活地展示各组所占份额比的数据处理方式。,Parliament,HIPLOT,BASICS
148,透视图,https://openbiox.github.io/Bizard/Hiplot/137-perspective_files/figure-html/fig-1perspective-1.png,https://openbiox.github.io/Bizard/zh/Hiplot/137-perspective.html,三维透视图是一种能将一个矩阵中包含的高等数值用曲面连接起来的三维立体图形。,Perspective,HIPLOT,BASICS
149,三维饼图,https://openbiox.github.io/Bizard/Hiplot/138-pie-3d_files/figure-html/fig-1pie-3d-1.png,https://openbiox.github.io/Bizard/zh/Hiplot/138-pie-3d.html,三维饼图是指具有三维外观的饼图。,3D Pie,HIPLOT,BASICS
150,分组饼图,https://openbiox.github.io/Bizard/Hiplot/139-pie-group_files/figure-html/fig-1pie-group-1.png,https://openbiox.github.io/Bizard/zh/Hiplot/139-pie-group.html,分组饼图,Pie Group,HIPLOT,BASICS
151,饼图矩阵,https://openbiox.github.io/Bizard/Hiplot/140-pie-matrix_files/figure-html/fig-1pie-matrix-1.png,https://openbiox.github.io/Bizard/zh/Hiplot/140-pie-matrix.html,饼图矩阵,Pie Matrix,HIPLOT,BASICS
152,饼图,https://openbiox.github.io/Bizard/Hiplot/141-pie_files/figure-html/fig-1pie-1.png,https://openbiox.github.io/Bizard/zh/Hiplot/141-pie.html,饼图是通过将一个圆形切分成多个切片以显示每一部分所占总体比例的统计图表。,Pie,HIPLOT,BASICS
153,点图（标准差）,https://openbiox.github.io/Bizard/Hiplot/142-point-sd_files/figure-html/fig-1point-sd-1.png,https://openbiox.github.io/Bizard/zh/Hiplot/142-point-sd.html,用于展示多组数据点标准差。,Point (SD),HIPLOT,BASICS
154,金字塔图,https://openbiox.github.io/Bizard/Hiplot/144-pyramid-chart_files/figure-html/fig-1pyramid-chart-1.png,https://openbiox.github.io/Bizard/zh/Hiplot/144-pyramid-chart.html,金字塔图是一种将数据分布于中轴两侧类似金字塔的图形。,Pyramid Chart,HIPLOT,BASICS
155,金字塔图 2,https://openbiox.github.io/Bizard/Hiplot/145-pyramid-chart2_files/figure-html/fig-1pyramid-chart2-1.png,https://openbiox.github.io/Bizard/zh/Hiplot/145-pyramid-chart2.html,金字塔图是一种将数据分布于中轴两侧类似金字塔的图形。,Pyramid Chart 2,HIPLOT,BASICS
156,金字塔堆叠图,https://openbiox.github.io/Bizard/Hiplot/146-pyramid-stack_files/figure-html/fig-1pyramid-stack-1.png,https://openbiox.github.io/Bizard/zh/Hiplot/146-pyramid-stack.html,金字塔堆叠图可以用于展示年龄组多变量。,Pyramid Stack,HIPLOT,BASICS
157,金字塔堆叠图2,https://openbiox.github.io/Bizard/Hiplot/147-pyramid-stack2_files/figure-html/fig-1pyramid-stack2-1.png,https://openbiox.github.io/Bizard/zh/Hiplot/147-pyramid-stack2.html,金字塔堆叠图可以用于展示年龄组多变量。,Pyramid Stack2,HIPLOT,BASICS
158,R 脚本逻辑可视化,https://raw.githubusercontent.com/openbiox/Bizard/refs/heads/main/images/Hiplot/149-r-code-flow.jpg,https://openbiox.github.io/Bizard/zh/Hiplot/149-r-code-flow.html,R 脚本逻辑可视化能够实现对 if，else 等逻辑函数进行可视化的窗口。,R Script Flow,HIPLOT,BASICS
159,雷达图,https://openbiox.github.io/Bizard/Hiplot/150-radar_files/figure-html/fig-1radar-1.png,https://openbiox.github.io/Bizard/zh/Hiplot/150-radar.html,雷达图是以从同一点开始的轴上表示的三个或更多个定量变量的二维图表的形式显示多变量数据，以直观的表达某个研究对象在多种参数的对比。,Radar,HIPLOT,BASICS
160,丝带图,https://openbiox.github.io/Bizard/Hiplot/153-ribbon_files/figure-html/fig-1ribbon-1.png,https://openbiox.github.io/Bizard/zh/Hiplot/153-ribbon.html,丝带图是一种类似丝带的图形。,Ribbon,HIPLOT,BASICS
161,岭图,https://openbiox.github.io/Bizard/Hiplot/154-ridge_files/figure-html/fig-1ridge-1.png,https://openbiox.github.io/Bizard/zh/Hiplot/154-ridge.html,岭图是一种将点连接围成形似山岭的图形。,Ridge,HIPLOT,BASICS
162,桑基图,https://openbiox.github.io/Bizard/Hiplot/158-sankey_files/figure-html/fig-1sankey-1.png,https://openbiox.github.io/Bizard/zh/Hiplot/158-sankey.html,桑基图是一种流量图，其中箭头的宽度与流量成比例。,Sankey,HIPLOT,BASICS
163,三维散点图,https://openbiox.github.io/Bizard/Hiplot/159-scatter-3d_files/figure-html/fig-1scatter-3d-1.png,https://openbiox.github.io/Bizard/zh/Hiplot/159-scatter-3d.html,三维散点图是将多个定量变量运用于空间中的不同轴上，并将不同的变量组合成空间中的坐标，从而对三个定量变量的交互关系进行清晰的解释。,3D-Scatter,HIPLOT,BASICS
164,渐变散点图,https://openbiox.github.io/Bizard/Hiplot/160-scatter-gradient_files/figure-html/fig-1scatter-gradient-1.png,https://openbiox.github.io/Bizard/zh/Hiplot/160-scatter-gradient.html,二维空间散点展示多数值变量关系。,Gradient Scatter,HIPLOT,BASICS
165,散点图,https://openbiox.github.io/Bizard/Hiplot/161-scatter_files/figure-html/fig-1scatter-1.png,https://openbiox.github.io/Bizard/zh/Hiplot/161-scatter.html,用两组数据构成多个坐标点，通过观察坐标点的分布，判断变量间是否存在关联或总结坐标点分布模式的数据处理方式。,Scatter,HIPLOT,BASICS
166,散点图2,https://openbiox.github.io/Bizard/Hiplot/162-scatter2_files/figure-html/fig-1scatter2-1.png,https://openbiox.github.io/Bizard/zh/Hiplot/162-scatter2.html,二维空间散点展示多数值变量关系。,Scatter2,HIPLOT,BASICS
167,散点饼图,https://openbiox.github.io/Bizard/Hiplot/163-scatterpie_files/figure-html/fig-1scatterpie-1.png,https://openbiox.github.io/Bizard/zh/Hiplot/163-scatterpie.html,散点饼图用于可视化不同空间坐标中数据分类值的比例情况。,Scatterpie,HIPLOT,BASICS
168,自定义热图,https://raw.githubusercontent.com/openbiox/Bizard/refs/heads/main/images/Hiplot/164-simple-funnel-diagram.png,https://openbiox.github.io/Bizard/zh/Hiplot/164-simple-funnel-diagram.html,自定义热图使用echarts4r包绘制,Simple Funnel Diagram,HIPLOT,BASICS
169,斜面图,https://openbiox.github.io/Bizard/Hiplot/165-slopegraph_files/figure-html/fig-1slopegraph-1.png,https://openbiox.github.io/Bizard/zh/Hiplot/165-slopegraph.html,斜面图可以用于展示数值变化情况。,Slopegraph,HIPLOT,BASICS
170,百分比堆叠条形图,https://openbiox.github.io/Bizard/Hiplot/167-stacked-percentage-bar-chart_files/figure-html/fig-1stacked-percentage-bar-chart-1.png,https://openbiox.github.io/Bizard/zh/Hiplot/167-stacked-percentage-bar-chart.html,百分比堆叠条形图使用ggplot2绘制,Percentsge Stacked Bar Chart,HIPLOT,BASICS
171,流动图,https://raw.githubusercontent.com/openbiox/Bizard/refs/heads/main/images/Hiplot/168-streamgraph.png,https://openbiox.github.io/Bizard/zh/Hiplot/168-streamgraph.html,流动图使用streamgraph包绘制,Streamgraph,HIPLOT,BASICS
172,树型图,https://openbiox.github.io/Bizard/Hiplot/173-treemap_files/figure-html/fig-1treemap-1.png,https://openbiox.github.io/Bizard/zh/Hiplot/173-treemap.html,树形图是一种用图形形式来表示层次结构的树形结构图。,Treemap,HIPLOT,BASICS
173,三色直方图,https://openbiox.github.io/Bizard/Hiplot/174-tricolor-histogram_files/figure-html/fig-1tricolor-histogram-1.png,https://openbiox.github.io/Bizard/zh/Hiplot/174-tricolor-histogram.html,通过三种颜色将直方图分为低值区，中值区和高值区。,Tricolor Histogram,HIPLOT,BASICS
174,Upset 图,https://openbiox.github.io/Bizard/Hiplot/177-upset-plot_files/figure-html/fig-1upset-plot-1.png,https://openbiox.github.io/Bizard/zh/Hiplot/177-upset-plot.html,Upset 可用于展示集合之间的交互关系。,Upset Plot,HIPLOT,BASICS
175,韦恩图,https://openbiox.github.io/Bizard/Hiplot/178-venn_files/figure-html/fig-1venn-1.png,https://openbiox.github.io/Bizard/zh/Hiplot/178-venn.html,维恩图是一种表示不同有限集合之间所有可能的逻辑关系的图。,Venn,HIPLOT,BASICS
176,韦恩图2,https://openbiox.github.io/Bizard/Hiplot/179-venn2_files/figure-html/fig-1venn2-1.png,https://openbiox.github.io/Bizard/zh/Hiplot/179-venn2.html,维恩图是一种表示不同有限集合之间所有可能的逻辑关系的图。,Venn2,HIPLOT,BASICS
177,双分组小提琴图,https://openbiox.github.io/Bizard/Hiplot/180-violin-group_files/figure-html/fig-1violin-group-1.png,https://openbiox.github.io/Bizard/zh/Hiplot/180-violin-group.html,T检验分组数据的小提琴图和盒图。,Violin Group,HIPLOT,BASICS
178,小提琴图,https://openbiox.github.io/Bizard/Hiplot/181-violin_files/figure-html/fig-1violin-1.png,https://openbiox.github.io/Bizard/zh/Hiplot/181-violin.html,小提琴图，因形似小提琴而得名，是结合了箱形图和核密度图，用于显示数据分布及概率密度的统计图表。,Violin,HIPLOT,BASICS
179,数据概览图,https://openbiox.github.io/Bizard/Hiplot/182-visdat_files/figure-html/fig-1visdat-1.png,https://openbiox.github.io/Bizard/zh/Hiplot/182-visdat.html,数据概览图使用visdat包绘制,Visdat,HIPLOT,BASICS
180,华夫饼图,https://openbiox.github.io/Bizard/Hiplot/184-waffle_files/figure-html/fig-1waffle-1.png,https://openbiox.github.io/Bizard/zh/Hiplot/184-waffle.html,华夫饼图使用waffle包绘制,Waffle Plot,HIPLOT,BASICS
181,瀑布图2,https://openbiox.github.io/Bizard/Hiplot/185-waterfalls-plot_files/figure-html/fig-1waterfalls-plot-1.png,https://openbiox.github.io/Bizard/zh/Hiplot/185-waterfalls-plot.html,用于展示数据的变化情况，区别于1的一点是2可以自定义上升值和下降值颜色。,Waterfalls Plot2,HIPLOT,BASICS
182,瀑布图,https://openbiox.github.io/Bizard/Hiplot/186-waterfalls_files/figure-html/fig-1waterfalls-1.png,https://openbiox.github.io/Bizard/zh/Hiplot/186-waterfalls.html,瀑布图用于显示顺序引入正值或负值的累积效应。这些中间值可以基于时间或基于类别。,Waterfalls,HIPLOT,BASICS
183,主成分分析,https://openbiox.github.io/Bizard/Hiplot/187-pca_files/figure-html/fig1-pca-1.png,https://openbiox.github.io/Bizard/zh/Hiplot/187-pca.html,主成分分析是以“降维”*” 为核心，用较少的几个综合指标（主成分）代替多指标的数据，还原数据最本质特征的数据处理方式。,PCA,HIPLOT,BASICS
184,颜色组柱状图,https://openbiox.github.io/Bizard/Hiplot/004-barplot-color-group_files/figure-html/fig-1barplot-color-group-1.png,https://openbiox.github.io/Bizard/zh/Hiplot/004-barplot-color-group.html,颜色组柱状图可以用于分组展示数据值，并按顺序标注不同颜色。,Barplot Color Group,HIPLOT,OMICS
185,渐变柱状图,https://openbiox.github.io/Bizard/Hiplot/008-barplot-gradient_files/figure-html/fig-1Barplot-gradient-1.png,https://openbiox.github.io/Bizard/zh/Hiplot/008-barplot-gradient.html,同气泡图相似，不过是在柱状图的基础上，用颜色渐变的长方形同时展示两个变量的可视化图形。,Barplot Gradient,HIPLOT,OMICS
186,大样本相关性热图,https://openbiox.github.io/Bizard/Hiplot/013-big-corrplot_files/figure-html/fig-1Big-corrplot-1.png,https://openbiox.github.io/Bizard/zh/Hiplot/013-big-corrplot.html,红色系表示两个基因之间呈正相关，蓝色系表示两个基因之间呈负相关，每一格中的数字表示相关系数。,Corrplot Big Data,HIPLOT,OMICS
187,气泡图,https://openbiox.github.io/Bizard/Hiplot/016-bubble_files/figure-html/fig-1Bubble-1.png,https://openbiox.github.io/Bizard/zh/Hiplot/016-bubble.html,x 轴表示 Gene Ridio，y 轴是 GO Term; 点的大小表示基因数，点的颜色代表 P 值的高低。,Bubble,HIPLOT,OMICS
188,弦图,https://openbiox.github.io/Bizard/Hiplot/020-chord_files/figure-html/fig-1Chord-1.png,https://openbiox.github.io/Bizard/zh/Hiplot/020-chord.html,复杂的数据关系交互作用以和弦图的形式表现出来，基因与通路或基因本体相互作用的数据框架或矩阵。,Chord Plot,HIPLOT,OMICS
189,相关性热图,https://openbiox.github.io/Bizard/Hiplot/030-cor-heatmap_files/figure-html/fig-1Cor-heatmap-1.png,https://openbiox.github.io/Bizard/zh/Hiplot/030-cor-heatmap.html,红色系表示两个基因之间呈正相关，蓝色系表示两个基因之间呈负相关，每一格中的数字表示相关系数。,Correlation Heatmap,HIPLOT,OMICS
190,相关性热图 (Corrplot),https://openbiox.github.io/Bizard/Hiplot/033-corrplot_files/figure-html/fig-1Corrplot-1.png,https://openbiox.github.io/Bizard/zh/Hiplot/033-corrplot.html,红色系表示两个基因之间呈正相关，蓝色系表示两个基因之间呈负相关，每一格中的数字表示相关系数。,Corrplot,HIPLOT,OMICS
191,系统树图,https://openbiox.github.io/Bizard/Hiplot/037-dendrogram_files/figure-html/fig-1Dendrogram-1.png,https://openbiox.github.io/Bizard/zh/Hiplot/037-dendrogram.html,系统树图是一种以树的形状表示的图。,Dendrogram,HIPLOT,OMICS
192,2D扩散映射图,https://openbiox.github.io/Bizard/Hiplot/042-diffusion-map_files/figure-html/fig-1Diffusion-map2D-1.png,https://openbiox.github.io/Bizard/zh/Hiplot/042-diffusion-map.html#d,扩散映射（diffusion-map）是一种非线性降维算法，可以用于可视化发育轨迹。,2D Diffusion Map,HIPLOT,OMICS
193,3D扩散映射图,https://openbiox.github.io/Bizard/Hiplot/042-diffusion-map_files/figure-html/fig-2Diffusion-map3D-1.png,https://openbiox.github.io/Bizard/zh/Hiplot/042-diffusion-map.html#d-1,扩散映射（diffusion-map）是一种非线性降维算法，可以用于可视化发育轨迹。,3D Diffusion Map,HIPLOT,OMICS
194,自定义基因富集分析,https://openbiox.github.io/Bizard/Hiplot/044-diy-gsea_files/figure-html/fig-1Diy-gsea-1.png,https://openbiox.github.io/Bizard/zh/Hiplot/044-diy-gsea.html,自定义基因集。,DIY GSEA,HIPLOT,OMICS
195,滑珠图,https://openbiox.github.io/Bizard/Hiplot/046-dotchart_files/figure-html/fig-1Dotchart-1.png,https://openbiox.github.io/Bizard/zh/Hiplot/046-dotchart.html,滑珠图是一种珠子在柱上滑行的图形，是条形图与散点图的叠加。,Dotchart,HIPLOT,OMICS
196,鱼形图,https://openbiox.github.io/Bizard/Hiplot/055-fishplot_files/figure-html/fig-1Fan-1.png,https://openbiox.github.io/Bizard/zh/Hiplot/055-fishplot.html,克隆演化分析。,Fishplot,HIPLOT,OMICS
197,漏斗图 (metafor),https://openbiox.github.io/Bizard/Hiplot/057-funnel-plot-metafor_files/figure-html/fig-1Funnel-plot-metafor-1.png,https://openbiox.github.io/Bizard/zh/Hiplot/057-funnel-plot-metafor.html,可以用于分析 Meta 分析结果中潜在偏倚因子。,Funnel Plot (metafor),HIPLOT,OMICS
198,漏斗图,https://openbiox.github.io/Bizard/Hiplot/058-funnel-plot_files/figure-html/fig-1Funnel-plot-metafor-1.png,https://openbiox.github.io/Bizard/zh/Hiplot/058-funnel-plot.html,可以用于分析 Meta 分析结果中潜在偏倚因子。,Funnel Plot,HIPLOT,OMICS
199,基因密度图,https://openbiox.github.io/Bizard/Hiplot/060-gene-density_files/figure-html/fig-1Gene-density-1.png,https://openbiox.github.io/Bizard/zh/Hiplot/060-gene-density.html,染色体数据展示。,Gene Density,HIPLOT,OMICS
200,基因差异表达排序图,https://openbiox.github.io/Bizard/Hiplot/061-gene-rank_files/figure-html/fig-1Gene-rank-1.png,https://openbiox.github.io/Bizard/zh/Hiplot/061-gene-rank.html,基因表达排序可视化。,Gene Ranking Dotplot,HIPLOT,OMICS
201,基因聚类趋势图,https://openbiox.github.io/Bizard/Hiplot/062-gene-trend_files/figure-html/fig-1Gene-trend-1.png,https://openbiox.github.io/Bizard/zh/Hiplot/062-gene-trend.html,基因聚类趋势图用于显示不同的基因表达趋势，多条线显示了每个类群中相似的表达模式。,Gene Cluster Trend,HIPLOT,OMICS
202,序列 Logo,https://openbiox.github.io/Bizard/Hiplot/074-ggseqlogo_files/figure-html/fig-1ggseqlogo-1.png,https://openbiox.github.io/Bizard/zh/Hiplot/074-ggseqlogo.html,序列 Logo 是一种用来描述结合位点序列模式的图形。,Seqlogo,HIPLOT,OMICS
203,GO 条形图,https://openbiox.github.io/Bizard/Hiplot/077-gobar_files/figure-html/fig-1gobar-1.png,https://openbiox.github.io/Bizard/zh/Hiplot/077-gobar.html,GO 条形图用于显示按 z-score 或 adjusted p-value 的负对数排序的 Z-score 彩色条形图。,GOBar Plot,HIPLOT,OMICS
204,GO气泡图,https://openbiox.github.io/Bizard/Hiplot/078-gobubble_files/figure-html/fig-1gobubble-1.png,https://openbiox.github.io/Bizard/zh/Hiplot/078-gobubble.html,GO气泡图用于显示按z-score或adjusted p-value的负相对序列的Z-score彩色气泡图。,GOBubble Plot,HIPLOT,OMICS
205,GO圈图,https://openbiox.github.io/Bizard/Hiplot/079-gocircle_files/figure-html/fig-1gobubble-1.png,https://openbiox.github.io/Bizard/zh/Hiplot/079-gocircle.html,GO圈图用于显示圆图结合了基因表达和基因注释富集数据。,GOCircle Plot,HIPLOT,OMICS
206,热图,https://openbiox.github.io/Bizard/Hiplot/086-heatmap_files/figure-html/fig-1heatmap-1.png,https://openbiox.github.io/Bizard/zh/Hiplot/086-heatmap.html,热图是对实验数据分布情况进行分析的直观可视化方法，可以用来进行实验数据的质量控制和差异数据的具象化展示，还可以对数据和样品进行聚类分析，观测样品质量。,Heatmap,HIPLOT,OMICS
207,Hi-C 热图,https://openbiox.github.io/Bizard/Hiplot/087-hic-heatmap_files/figure-html/fig-1hic-heatmap-1.png,https://openbiox.github.io/Bizard/zh/Hiplot/087-hic-heatmap.html,Hi-C 热图用于显示不同染色体上的全基因组染色质与热图的相互作用。,Hi-C Heatmap,HIPLOT,OMICS
208,矩阵气泡图,https://openbiox.github.io/Bizard/Hiplot/118-matrix-bubble_files/figure-html/fig-1matrix-bubble-1.png,https://openbiox.github.io/Bizard/zh/Hiplot/118-matrix-bubble.html,彩色矩阵气泡用于可视化不同细胞（列）中多个基因（行）的表达矩阵数据。,Matrix Bubble,HIPLOT,OMICS
209,主成分分析2,https://openbiox.github.io/Bizard/Hiplot/135-pca2_files/figure-html/fig-1pca2-1.png,https://openbiox.github.io/Bizard/zh/Hiplot/135-pca2.html,主成分分析是以“降维”为核心，用较少的几个综合指标（主成分）代替多指标的数据，还原数据最本质特征的数据处理方式。,PCA2,HIPLOT,OMICS
210,主成分分析 (PCAtools),https://openbiox.github.io/Bizard/Hiplot/136-pcatools_files/figure-html/fig-1pcatools-1.png,https://openbiox.github.io/Bizard/zh/Hiplot/136-pcatools.html,PCAtools 可以通过主成分分析对数据进行降维，并在二维水平查看主成分相关特征。,PCAtools,HIPLOT,OMICS
211,MA 图,https://openbiox.github.io/Bizard/Hiplot/143-pseudo-enhanced-ma_files/figure-html/fig-1pseudo-enhanced-ma-1.png,https://openbiox.github.io/Bizard/zh/Hiplot/143-pseudo-enhanced-ma.html,差异表达基因可视化。,EnhancedMA,HIPLOT,OMICS
212,QQ 图,https://openbiox.github.io/Bizard/Hiplot/148-qqplot_files/figure-html/fig-1qqplot-1.png,https://openbiox.github.io/Bizard/zh/Hiplot/148-qqplot.html,用于直观验证一组数据是否来自某个分布，或者验证某两组数据是否来自同一（族）分布。,QQ Plot,HIPLOT,OMICS
213,玫瑰图,https://openbiox.github.io/Bizard/Hiplot/157-rose-chart_files/figure-html/fig-1rose-chart-1.png,https://openbiox.github.io/Bizard/zh/Hiplot/157-rose-chart.html,玫瑰图是一种在极坐标下绘制的柱形图，使用圆弧的半径长短表示数据的大小。,Rose Chart,HIPLOT,OMICS
214,堆叠小提琴图,https://openbiox.github.io/Bizard/Hiplot/166-stack-violin_files/figure-html/fig-1stack-violin-1.png,https://openbiox.github.io/Bizard/zh/Hiplot/166-stack-violin.html,单细胞转录组（single cell RNA-Seq）分析中每个簇关键基因的表达。,Stack Violin,HIPLOT,OMICS
215,热图决策树,https://openbiox.github.io/Bizard/Hiplot/172-treeheatr_files/figure-html/fig-1treeheatr-1.png,https://openbiox.github.io/Bizard/zh/Hiplot/172-treeheatr.html,热图决策图是一种拼接热图和决策树可视化即决策图两种图形的一种可视化图形。,Treeheatr,HIPLOT,OMICS
216,tSNE,https://openbiox.github.io/Bizard/Hiplot/175-tsne_files/figure-html/fig-1tsne-1.png,https://openbiox.github.io/Bizard/zh/Hiplot/175-tsne.html,不同颜色表示不同样本，与 PCA（主成分分析）图形解释相同。,tSNE,HIPLOT,OMICS
217,UMAP,https://openbiox.github.io/Bizard/Hiplot/176-umap_files/figure-html/fig-1umap-1.png,https://openbiox.github.io/Bizard/zh/Hiplot/176-umap.html,不同颜色表示不同样本，与 PCA（主成分分析）图形解释相同。,UMAP,HIPLOT,OMICS
218,火山图,https://openbiox.github.io/Bizard/Hiplot/183-volcano_files/figure-html/fig-1volcano-1.png,https://openbiox.github.io/Bizard/zh/Hiplot/183-volcano.html,火山图是一种直观展示两个样本间基因差异表达的分布图。,Volcano,HIPLOT,OMICS
219,柱状图,https://openbiox.github.io/Bizard/Hiplot/010-barplot_files/figure-html/fig-1Barplot-1.png,https://openbiox.github.io/Bizard/zh/Hiplot/010-barplot.html,条形图用于显示带有矩形条的类别数据，矩形条的高度或长度与它们所代表的值成比例。,Barplot,HIPLOT,CLINICS
220,豆荚图,https://openbiox.github.io/Bizard/Hiplot/011-beanplot_files/figure-html/fig-1Beanplot-1.png,https://openbiox.github.io/Bizard/zh/Hiplot/011-beanplot.html,豆荚图是一种描述一组数据分布特征的方法。,Beanplot,HIPLOT,CLINICS
221,双变量图,https://openbiox.github.io/Bizard/Hiplot/014-bivariate_files/figure-html/fig-1Bivariate-1.png,https://openbiox.github.io/Bizard/zh/Hiplot/014-bivariate.html,展示双变量关系。,Bivariate Chart,HIPLOT,CLINICS
222,箱式图,https://openbiox.github.io/Bizard/Hiplot/015-boxplot_files/figure-html/fig-1Boxplot-1.png,https://openbiox.github.io/Bizard/zh/Hiplot/015-boxplot.html,横坐标表示几组不同的数据，纵坐标分别表示各组数据的四分位数。,Boxplot,HIPLOT,CLINICS
223,校准曲线,https://openbiox.github.io/Bizard/Hiplot/018-calibration-curve_files/figure-html/fig-1Calibration-curve-1.png,https://openbiox.github.io/Bizard/zh/Hiplot/018-calibration-curve.html,校准曲线用于评估一致性/校准，即预测值和实际值之间的差异。,Calibration Curve,HIPLOT,CLINICS
224,复合热图,https://openbiox.github.io/Bizard/Hiplot/025-complex-heatmap_files/figure-html/fig-1Complex-heatmap-1.png,https://openbiox.github.io/Bizard/zh/Hiplot/025-complex-heatmap.html,一个多组学插件同时绘制热图、注释和突变信息。,Complex Heatmap,HIPLOT,CLINICS
225,简易配对图,https://openbiox.github.io/Bizard/Hiplot/049-easy-pairs_files/figure-html/fig-1Easy-pairs-1.png,https://openbiox.github.io/Bizard/zh/Hiplot/049-easy-pairs.html,显示一个矩阵图，用于查看多个变量的相关关系和数据分布。,Easy Pairs,HIPLOT,CLINICS
226,Cox 模型森林图,https://openbiox.github.io/Bizard/Hiplot/053-ezcox_files/figure-html/fig-1Ezcox-1.png,https://openbiox.github.io/Bizard/zh/Hiplot/053-ezcox.html,COX 模型森林图对 COX 模型构建风险森林图，以便于筛选变量的一种可视化图形。,Cox Models Forest,HIPLOT,CLINICS
227,甘特图,https://openbiox.github.io/Bizard/Hiplot/059-gantt_files/figure-html/fig-1Gantt-1.png,https://openbiox.github.io/Bizard/zh/Hiplot/059-gantt.html,甘特图是一种用来说明项目进度条形图。,Gantt,HIPLOT,CLINICS
228,直方图,https://openbiox.github.io/Bizard/Hiplot/088-histogram_files/figure-html/fig-1histogram-1.png,https://openbiox.github.io/Bizard/zh/Hiplot/088-histogram.html,直方图是由一系列高度不等的纵向条纹或线段表示连续性变量数据的分布情况。,Histogram,HIPLOT,CLINICS
229,线性回归,https://openbiox.github.io/Bizard/Hiplot/094-line-regression_files/figure-html/fig-1line-regression-1.png,https://openbiox.github.io/Bizard/zh/Hiplot/094-line-regression.html,"线性回归是一种对自变量和因变量之间关系进行线性建模的回归方法。只有一个自变量的情况称为简单回归,大于一个自变量情况的叫做多元回归。",Line Regression,HIPLOT,CLINICS
230,二分类变量 Meta 分析,https://openbiox.github.io/Bizard/Hiplot/119-meta-bin_files/figure-html/fig-1meta-bin-1.png,https://openbiox.github.io/Bizard/zh/Hiplot/119-meta-bin.html,二分类变量 Meta 分析,Meta-analysis of Binary Data,HIPLOT,CLINICS
231,连续变量 Meta 分析,https://openbiox.github.io/Bizard/Hiplot/120-meta-cont_files/figure-html/fig-1meta-cont-1.png,https://openbiox.github.io/Bizard/zh/Hiplot/120-meta-cont.html,连续变量 Meta 分析,Meta-analysis of Continuous Data,HIPLOT,CLINICS
232,元分析亚组比较,https://openbiox.github.io/Bizard/Hiplot/121-metawho_files/figure-html/fig-1metawho-1.png,https://openbiox.github.io/Bizard/zh/Hiplot/121-metawho.html,metawho 的目标是提供“使用元分析方法识别治疗获益最大的人群”的 R 实现。,Meta-Subgroup Analysis,HIPLOT,CLINICS
233,马赛克比例图,https://openbiox.github.io/Bizard/Hiplot/123-mosaic_files/figure-html/fig-1mosaic-1.png,https://openbiox.github.io/Bizard/zh/Hiplot/123-mosaic.html,使用马赛克方块展示数据比例。,Mosaic Ratio Plot,HIPLOT,CLINICS
234,诺莫图 (逻辑回归),https://openbiox.github.io/Bizard/Hiplot/130-nomogram-logistic_files/figure-html/fig-1nomogram-logistic-1.png,https://openbiox.github.io/Bizard/zh/Hiplot/130-nomogram-logistic.html,列线图常被用来评价肿瘤和医学的预后，并能直观地反映logistic回归或Cox回归的结果。,Nomogram (Logistic),HIPLOT,CLINICS
235,诺莫图,https://openbiox.github.io/Bizard/Hiplot/131-nomogram_files/figure-html/fig-1nomogram-1.png,https://openbiox.github.io/Bizard/zh/Hiplot/131-nomogram.html,列线图常被用来评价肿瘤和医学的预后，并能直观地反映logistic回归或Cox回归的结果。,Nomogram,HIPLOT,CLINICS
236,限制性立方样条 COX 模型,https://openbiox.github.io/Bizard/Hiplot/151-rcs-cox_files/figure-html/fig-1rcs-cox-1.png,https://openbiox.github.io/Bizard/zh/Hiplot/151-rcs-cox.html,非线性回归分析。,RCS-COX,HIPLOT,CLINICS
237,限制性立方样条模型,https://openbiox.github.io/Bizard/Hiplot/152-rcs-lrm_files/figure-html/fig-1rcs-lrm-1.png,https://openbiox.github.io/Bizard/zh/Hiplot/152-rcs-lrm.html,非线性回归分析。,RCS-LRM,HIPLOT,CLINICS
238,风险因子分析,https://openbiox.github.io/Bizard/Hiplot/155-risk-plot_files/figure-html/fig-1risk-plot-1.png,https://openbiox.github.io/Bizard/zh/Hiplot/155-risk-plot.html,风险因子分析,Risk Factor Analysis,HIPLOT,CLINICS
239,ROC 曲线,https://openbiox.github.io/Bizard/Hiplot/156-roc_files/figure-html/fig-1roc-1.png,https://openbiox.github.io/Bizard/zh/Hiplot/156-roc.html,接收者工作特征曲线（ROC 曲线）是用来说明二元分类器系统在其识别阈值变化时诊断能力的图形。,ROC,HIPLOT,CLINICS
240,生存分析,https://openbiox.github.io/Bizard/Hiplot/169-survival_files/figure-html/fig-1survival-1.png,https://openbiox.github.io/Bizard/zh/Hiplot/169-survival.html,生存曲线是显示特定物种或群体 (如雄性或雌性) 在每个年龄存活下来的个体数量或比例的图表。,Survival Analysis,HIPLOT,CLINICS
241,泰勒图,https://openbiox.github.io/Bizard/Hiplot/170-taylor-diagram_files/figure-html/fig-1taylor-diagram-1.png,https://openbiox.github.io/Bizard/zh/Hiplot/170-taylor-diagram.html,"可以用于同时展示模型标准差（standard deviation, SD）、均方根（root mean square，RMS）误差和相关系数。",Taylor Diagram,HIPLOT,CLINICS
242,时间依赖 ROC,https://openbiox.github.io/Bizard/Hiplot/171-time-roc_files/figure-html/fig-1time-roc-1.png,https://openbiox.github.io/Bizard/zh/Hiplot/171-time-roc.html,生存分析中受试者操作特征（ROC）与时间记录分析。,Time ROC,HIPLOT,CLINICS
243,非洲地图,https://openbiox.github.io/Bizard/Hiplot/096-map-africa_files/figure-html/fig-1map-africa-1.png,https://openbiox.github.io/Bizard/zh/Hiplot/096-map-africa.html,非洲地图使用ggplot2绘制,Africa Map,HIPLOT,MAP
244,美洲地图,https://openbiox.github.io/Bizard/Hiplot/097-map-americas_files/figure-html/fig-1map-americas-1.png,https://openbiox.github.io/Bizard/zh/Hiplot/097-map-americas.html,美洲地图使用ggplot2绘制,Americas Map,HIPLOT,MAP
245,中国地图 (市),https://openbiox.github.io/Bizard/Hiplot/098-map-china-city_files/figure-html/fig-1map-china-city-1.png,https://openbiox.github.io/Bizard/zh/Hiplot/098-map-china-city.html,中国地图 (市)使用ggplot2绘制,China Map (City),HIPLOT,MAP
246,中国地图 (县),https://openbiox.github.io/Bizard/Hiplot/099-map-china-county_files/figure-html/fig-1map-china-county-1.png,https://openbiox.github.io/Bizard/zh/Hiplot/099-map-china-county.html,中国地图 (县)使用ggplot2绘制,China Map (County),HIPLOT,MAP
247,中国地图,https://openbiox.github.io/Bizard/Hiplot/100-map-china_files/figure-html/fig-1map-china-1.png,https://openbiox.github.io/Bizard/zh/Hiplot/100-map-china.html,中国地图使用ggplot2绘制,China Map,HIPLOT,MAP
248,中国地图 2,https://openbiox.github.io/Bizard/Hiplot/101-map-china2_files/figure-html/fig-1map-china2-1.png,https://openbiox.github.io/Bizard/zh/Hiplot/101-map-china2.html,中国地图2使用ggplot2绘制,China Map 2,HIPLOT,MAP
249,欧洲地图,https://openbiox.github.io/Bizard/Hiplot/102-map-europe_files/figure-html/fig-1map-europe-1.png,https://openbiox.github.io/Bizard/zh/Hiplot/102-map-europe.html,欧洲地图使用ggplot2绘制,Europe Map,HIPLOT,MAP
250,法国地图 (镇),https://openbiox.github.io/Bizard/Hiplot/103-map-france-town_files/figure-html/fig-1map-france-town-1.png,https://openbiox.github.io/Bizard/zh/Hiplot/103-map-france-town.html,法国地图 (镇)使用ggplot2绘制,France Map (Town),HIPLOT,MAP
251,法国地图,https://openbiox.github.io/Bizard/Hiplot/104-map-france_files/figure-html/fig-1map-france-1.png,https://openbiox.github.io/Bizard/zh/Hiplot/104-map-france.html,法国地图使用ggplot2绘制,France Map,HIPLOT,MAP
252,德国地图 (镇),https://openbiox.github.io/Bizard/Hiplot/106-map-germany-town_files/figure-html/fig-1map-germany-town-1.png,https://openbiox.github.io/Bizard/zh/Hiplot/106-map-germany-town.html,德国地图 (镇)使用ggplot2绘制,Germany Map (Town),HIPLOT,MAP
253,德国地图,https://openbiox.github.io/Bizard/Hiplot/107-map-germany_files/figure-html/fig-1map-germany-1.png,https://openbiox.github.io/Bizard/zh/Hiplot/107-map-germany.html,德国地图使用ggplot2绘制,Germany Map,HIPLOT,MAP
254,北美洲地图,https://openbiox.github.io/Bizard/Hiplot/108-map-north-america_files/figure-html/fig-1map-north-america-1.png,https://openbiox.github.io/Bizard/zh/Hiplot/108-map-north-america.html,北美洲地图使用ggplot2绘制,North America Map,HIPLOT,MAP
255,大洋洲/南极洲地图,https://openbiox.github.io/Bizard/Hiplot/109-map-oceania-antarc_files/figure-html/fig-1map-oceania-antarc-1.png,https://openbiox.github.io/Bizard/zh/Hiplot/109-map-oceania-antarc.html,大洋洲/南极洲地图使用ggplot2绘制,Oceania/Antarc Map,HIPLOT,MAP
256,南美洲地图,https://openbiox.github.io/Bizard/Hiplot/111-map-south-america_files/figure-html/fig-1map-south-america-1.png,https://openbiox.github.io/Bizard/zh/Hiplot/111-map-south-america.html,南美洲地图使用ggplot2绘制,South America Map,HIPLOT,MAP
257,英国地图 (城市),https://openbiox.github.io/Bizard/Hiplot/112-map-uk-city_files/figure-html/fig-1map-uk-city-1.png,https://openbiox.github.io/Bizard/zh/Hiplot/112-map-uk-city.html,英国地图 (城市)使用ggplot2绘制,UK Map (City),HIPLOT,MAP
258,英国地图,https://openbiox.github.io/Bizard/Hiplot/113-map-uk_files/figure-html/fig-1map-uk-1.png,https://openbiox.github.io/Bizard/zh/Hiplot/113-map-uk.html,英国地图使用ggplot2绘制,UK Map,HIPLOT,MAP
259,美国地图 (县),https://openbiox.github.io/Bizard/Hiplot/114-map-usa-county_files/figure-html/fig-1map-usa-county-1.png,https://openbiox.github.io/Bizard/zh/Hiplot/114-map-usa-county.html,美国地图 (县)使用ggplot2绘制,USA Map (County),HIPLOT,MAP
260,美国地图 (州),https://openbiox.github.io/Bizard/Hiplot/115-map-usa_files/figure-html/fig-1map-usa-1.png,https://openbiox.github.io/Bizard/zh/Hiplot/115-map-usa.html,美国地图 (州)使用ggplot2绘制,USA Map (States),HIPLOT,MAP
261,世界地图,https://openbiox.github.io/Bizard/Hiplot/116-map-world_files/figure-html/fig-1map-world-1.png,https://openbiox.github.io/Bizard/zh/Hiplot/116-map-world.html,世界地图使用ggplot2绘制,World Map,HIPLOT,MAP
262,世界地图 2,https://openbiox.github.io/Bizard/Hiplot/117-map-world2_files/figure-html/fig-1map-world2-1.png,https://openbiox.github.io/Bizard/zh/Hiplot/117-map-world2.html,世界地图2使用ggplot2绘制,World Map 2,HIPLOT,MAP
